#,Tags
83862,Wishlist
83861,Wishlist
83055,"Target 30.17, Wishlist, r4ss, doc"
82789,Wishlist
82601,"quick, Target 30.17"
82472,Wishlist
82442,Target 30.16
82251,3.30.16
82054,Target 30.16
82008,Target 30.16
81479,quick
81094,Target 30.16
80770,quick
80641,Target 30.16
80547,Target 30.16
80186,Target 30.16
80132,"GUI, Target 30.16"
80071,Target 30.16
80015,Target 30.16
79841,Target 30.16
79826,"Target 30.16, GUI"
79825,Target 30.16
79814,Target 30.16
79795,Target 30.16
79625,quick
79545,Target 30.16
78894,Wishlist
78613,quick
78529,Wishlist
78307,"Target 30.16, GUI"
78306,"Target 30.16, GUI"
78304,Target 30.16
78303,Target 30.16
78302,"Target 30.16, GUI"
78301,Target 30.16
78212,Wishlist
78151,"GUI, Target 30.16"
77790,Target 30.16
77321,essay_topic
77100,Target 30.16
76473,Target 30.15
76414,quick
76411,quick
76315,Target 30.15
76094,quick
76038,Target 30.15
75968,"Target 30.15, GUI"
75357,"Wishlist, Target 30.17"
75321,"Wishlist, Target 30.17"
75174,Wishlist
74989,"Wishlist, Target 30.17"
73992,Wishlist
73827,Target 30.15
73441,"Wishlist, Target 30.16"
73375,"Target 30.15, essay_topic"
73272,Target 30.15
72993,"Target 30.15, GUI"
72712,Wishlist
72710,Wishlist
72659,Target 30.15
71957,Wishlist
71040,Wishlist
70982,Wishlist
70928,Wishlist
70699,Target 30.17
69972,Target 30.15
69772,Target 30.16
69672,Wishlist
69509,GUI
69406,Wishlist
69303,Target 30.15
69279,"Target 30.15, GUI"
69176,Target 30.15
68522,Wishlist
68520,Wishlist
68519,Wishlist
67971,"Target 30.15, GUI"
67864,Wishlist
67572,Wishlist
66921,Target 30.15
66582,Target 30.15
66580,Target 30.15
66438,"Target 30.16, GUI, r4ss"
66364,quick
66186,"essay_topic, Target 30.17"
65948,Wishlist
65847,Wishlist
64838,Wishlist
61493,Wishlist
61415,Wishlist
57889,essay_topic
55783,Wishlist
53098,Wishlist
48849,Wishlist
48305,Wishlist
46175,"Target 30.16, GUI"
40367,Wishlist
39805,Wishlist
39714,Target 30.17
35753,"Wishlist, Target 30.17"
28432,Target 30.15
19955,Wishlist
19284,Wishlist
18312,Wishlist
18311,"Wishlist, Target 30.17"
17993,Wishlist
17862,Wishlist
17504,Wishlist
12352,Wishlist
12338,"Wishlist, Target 30.17"
12336,Wishlist
12334,Wishlist
